id;libele;description;image_couverture;code
1;hard drive;Refined Metal Chicken copy;Isle;eyeballs Park
2;Tunisia;Soft backing up;deliver;SDD Markets
3;copy;International bandwidth;hierarchy Synergized;synthesize Connecticut Intelligent
4;communities;Borders Salad initiatives;Buckinghamshire payment;mindshare e-tailers deposit
5;multi-state orange Bahamian Dollar;Customer;Alaska;Granite
6;ivory;Arkansas Bike bypassing;Incredible Bedfordshire e-commerce;Decentralized Music panel
7;Solutions Maine Delaware;Soap Communications;connect;Progressive Unbranded Soft Cheese scale
8;digital withdrawal;index Marketing;Practical optimize Manor;overriding infomediaries
9;Checking Account invoice;Manors Marketing Automotive;Personal Loan Account Cloned Personal Loan Account;exploit
10;lime;Sleek Frozen Chair input;auxiliary;Fantastic Cotton Gloves Croatia
